listing_id,available_days,unavailable_days,fraction_days
3353,249,116,68
5506,344,21,94
6695,324,41,88
6976,319,46,87
8792,248,117,67
9273,364,1,99
9765,362,3,99
9824,323,42,88
9855,364,1,99
9857,347,18,95
9858,364,1,99
9860,353,12,96
9870,362,3,99
9903,364,1,99
10730,94,271,25
10758,43,322,11
10807,243,122,66
10809,43,322,11
10810,43,322,11
10811,365,0,100
12356,273,92,74
12441,305,60,83
13059,333,32,91
13589,308,57,84
13592,354,11,96
18711,337,28,92
20000,341,24,93
21337,364,1,99
21891,364,1,99
22208,357,8,97
22212,348,17,95
22354,336,29,92
23619,252,113,69
23668,364,1,99
24240,251,114,68
25142,364,1,99
25418,364,1,99
27141,359,6,98
27611,73,292,20
28150,356,9,97
29155,311,54,85
29765,269,96,73
31796,318,47,87
36885,53,312,14
38579,364,1,99
39116,251,114,68
40601,259,106,70
44205,264,101,72
45987,365,0,100
47521,313,52,85
47722,360,5,98
47725,358,7,98
48612,45,320,12
50032,329,36,90
52423,364,1,99
54215,364,1,99
54487,364,1,99
54944,326,39,89
56927,364,1,99
56937,364,1,99
57156,248,117,67
57800,353,12,96
59776,365,0,100
60029,250,115,68
60356,82,283,22
66288,281,84,76
67774,248,117,67
67946,364,1,99
68902,364,1,99
69369,333,32,91
70481,259,106,70
72811,355,10,97
76073,290,75,79
77681,363,2,99
77691,361,4,98
82637,363,2,99
91588,358,7,98
93505,269,96,73
95453,325,40,89
115936,327,38,89
118905,350,15,95
130552,364,1,99
160572,248,117,67
163941,323,42,88
164418,160,205,43
169430,18,347,4
169938,144,221,39
176006,314,51,86
177129,261,104,71
179244,348,17,95
179245,347,18,95
180914,364,1,99
182049,365,0,100
182613,38,327,10
189965,350,15,95
195515,89,276,24
196806,359,6,98
197146,350,15,95
197727,306,59,83
197972,322,43,88
200265,336,29,92
205894,351,14,96
210097,284,81,77
213086,259,106,70
217498,301,64,82
218259,364,1,99
220676,249,116,68
225224,329,36,90
225834,299,66,81
225979,339,26,92
228883,364,1,99
232990,291,74,79
238846,365,0,100
250345,313,52,85
250983,240,125,65
257588,325,40,89
276450,328,37,89
295285,287,78,78
311240,160,205,43
315982,132,233,36
321328,356,9,97
322593,146,219,40
332225,16,349,4
336946,319,46,87
336960,326,39,89
349347,349,16,95
369880,248,117,67
369940,172,193,47
377474,261,104,71
395975,324,41,88
400067,248,117,67
414419,325,40,89
442735,337,28,92
447826,295,70,80
453660,292,73,80
466361,1,364,0
472070,309,56,84
475254,338,27,92
475259,348,17,95
496022,28,337,7
497810,236,129,64
508017,298,67,81
519272,0,365,0
526970,328,37,89
530983,17,348,4
531552,322,43,88
533114,313,52,85
533152,306,59,83
536865,299,66,81
543078,329,36,90
543188,364,1,99
554720,308,57,84
561769,38,327,10
568234,328,37,89
570493,81,284,22
579605,326,39,89
583255,248,117,67
585148,264,101,72
586994,298,67,81
594693,328,37,89
601763,300,65,82
611081,342,23,93
619142,247,118,67
625012,76,289,20
627048,364,1,99
629814,154,211,42
639101,187,178,51
639111,187,178,51
646087,143,222,39
650956,312,53,85
658029,284,81,77
665035,364,1,99
667325,121,244,33
693353,361,4,98
697078,277,88,75
705900,292,73,80
705919,315,50,86
708802,304,61,83
713627,0,365,0
716245,248,117,67
716512,364,1,99
716643,364,1,99
721979,364,1,99
728238,350,15,95
732932,302,63,82
732999,292,73,80
735970,0,365,0
737519,341,24,93
743211,334,31,91
749247,349,16,95
750438,143,222,39
753446,347,18,95
754845,322,43,88
766700,301,64,82
771309,217,148,59
777903,361,4,98
789843,6,359,1
798957,133,232,36
799701,133,232,36
801680,325,40,89
801722,338,27,92
815639,312,53,85
820073,337,28,92
822063,4,361,1
824244,0,365,0
826555,132,233,36
826706,256,109,70
831744,345,20,94
839265,321,44,87
848152,332,33,90
849408,107,258,29
851927,331,34,90
879929,122,243,33
890705,299,66,81
891661,211,154,57
891953,151,214,41
894539,1,364,0
901914,0,365,0
903598,364,1,99
915272,305,60,83
916123,315,50,86
932853,337,28,92
947751,0,365,0
950046,197,168,53
951473,364,1,99
951476,360,5,98
951480,364,1,99
957224,320,45,87
962610,328,37,89
965554,364,1,99
971393,273,92,74
973695,365,0,100
973840,4,361,1
979759,359,6,98
986399,0,365,0
989163,318,47,87
990668,149,216,40
994138,293,72,80
994317,365,0,100
1030500,316,49,86
1038465,333,32,91
1042420,301,64,82
1044307,362,3,99
1051482,248,117,67
1059604,359,6,98
1066742,359,6,98
1066767,358,7,98
1067184,356,9,97
1071144,357,8,97
1071235,303,62,83
1077105,248,117,67
1090413,342,23,93
1092093,308,57,84
1094599,365,0,100
1102623,156,209,42
1106555,365,0,100
1109224,331,34,90
1110423,293,72,80
1112067,345,20,94
1112193,323,42,88
1113272,310,55,84
1115394,282,83,77
1119740,357,8,97
1128894,322,43,88
1131634,313,52,85
1136972,89,276,24
1141522,337,28,92
1141888,32,333,8
1147871,335,30,91
1161210,340,25,93
1166808,361,4,98
1167221,317,48,86
1171578,350,15,95
1173306,248,117,67
1174776,279,86,76
1175376,336,29,92
1178106,358,7,98
1178162,342,23,93
1178371,146,219,40
1179399,201,164,55
1183032,51,314,13
1185034,297,68,81
1187188,364,1,99
1197857,337,28,92
1200502,271,94,74
1203014,305,60,83
1214214,364,1,99
1220971,286,79,78
1222327,248,117,67
1223050,60,305,16
1234740,351,14,96
1240598,303,62,83
1242798,0,365,0
1248870,310,55,84
1252289,122,243,33
1262443,276,89,75
1264217,27,338,7
1275498,252,113,69
1277618,21,344,5
1301500,65,300,17
1303261,365,0,100
1321422,270,95,73
1322461,0,365,0
1327725,293,72,80
1329627,338,27,92
1332786,183,182,50
1340290,365,0,100
1340649,355,10,97
1341072,6,359,1
1342370,313,52,85
1352776,72,293,19
1358531,364,1,99
1365335,248,117,67
1372816,328,37,89
1373520,330,35,90
1374434,251,114,68
1374466,249,116,68
1391215,342,23,93
1391492,318,47,87
1401625,359,6,98
1403408,248,117,67
1421610,9,356,2
1425973,365,0,100
1426711,289,76,79
1426754,300,65,82
1428355,75,290,20
1436513,98,267,26
1445064,250,115,68
1454258,326,39,89
1458081,320,45,87
1471308,297,68,81
1471373,299,66,81
1472481,277,88,75
1472520,277,88,75
1489289,248,117,67
1494726,355,10,97
1497879,63,302,17
1498719,336,29,92
1510876,285,80,78
1523772,365,0,100
1525494,313,52,85
1529321,256,109,70
1529393,365,0,100
1541166,251,114,68
1544702,269,96,73
1545185,337,28,92
1550047,309,56,84
1551205,357,8,97
1551467,248,117,67
1584362,258,107,70
1587540,14,351,3
1589392,180,185,49
1591827,248,117,67
1596470,315,50,86
1602491,340,25,93
1612842,360,5,98
1615033,315,50,86
1628130,0,365,0
1631942,224,141,61
1638584,34,331,9
1644031,56,309,15
1648950,30,335,8
1658983,235,130,64
1668313,341,24,93
1692573,303,62,83
1695275,226,139,61
1701741,365,0,100
1704090,320,45,87
1717816,340,25,93
1721016,348,17,95
1724900,306,59,83
1731639,338,27,92
1732804,347,18,95
1745339,36,329,9
1754939,13,352,3
1755376,364,1,99
1757417,44,321,12
1758953,306,59,83
1775935,360,5,98
1776190,364,1,99
1803138,329,36,90
1810172,310,55,84
1810397,334,31,91
1811776,82,283,22
1815326,335,30,91
1819994,328,37,89
1821633,327,38,89
1827762,14,351,3
1835533,0,365,0
1839549,144,221,39
1840255,204,161,55
1850260,350,15,95
1861070,362,3,99
1863443,148,217,40
1864705,83,282,22
1867754,148,217,40
1867881,184,181,50
1868124,83,282,22
1868513,5,360,1
1873046,308,57,84
1881180,318,47,87
1881298,266,99,72
1884045,314,51,86
1885386,307,58,84
1885825,298,67,81
1886037,0,365,0
1887507,15,350,4
1887581,335,30,91
1899770,0,365,0
1902160,248,117,67
1912940,252,113,69
1929406,168,197,46
1936861,355,10,97
1937433,0,365,0
1944976,0,365,0
1948096,321,44,87
1949996,2,363,0
1956275,309,56,84
1961034,0,365,0
1964878,148,217,40
1966195,38,327,10
2000797,329,36,90
2014651,358,7,98
2014882,309,56,84
2016500,0,365,0
2021274,343,22,93
2021483,360,5,98
2021489,355,10,97
2022303,311,54,85
2043261,248,117,67
2043529,284,81,77
2043541,280,85,76
2061478,300,65,82
2077794,146,219,40
2108738,0,365,0
2114274,324,41,88
2126053,164,201,44
2135075,324,41,88
2135451,213,152,58
2167993,329,36,90
2174476,326,39,89
2174711,318,47,87
2183058,299,66,81
2183117,131,234,35
2186358,207,158,56
2187766,92,273,25
2189086,267,98,73
2214923,86,279,23
2215762,309,56,84
2216767,293,72,80
2219399,348,17,95
2227959,36,329,9
2243499,207,158,56
2246959,142,223,38
2247190,141,224,38
2260501,364,1,99
2260547,365,0,100
2277821,344,21,94
2278704,343,22,93
2292495,319,46,87
2294730,248,117,67
2295530,242,123,66
2301709,318,47,87
2308630,0,365,0
2326445,46,319,12
2331886,40,325,10
2360109,354,11,96
2365632,58,307,15
2372987,304,61,83
2374089,8,357,2
2376518,312,53,85
2378421,146,219,40
2384107,5,360,1
2384581,365,0,100
2395326,58,307,15
2410846,329,36,90
2412715,0,365,0
2423613,0,365,0
2429961,323,42,88
2441095,348,17,95
2443944,0,365,0
2473997,86,279,23
2481019,311,54,85
2495047,310,55,84
2513870,0,365,0
2515870,5,360,1
2526773,272,93,74
2529318,148,217,40
2538536,333,32,91
2547075,331,34,90
2547129,138,227,37
2549840,292,73,80
2555771,333,32,91
2564544,333,32,91
2573685,296,69,81
2583074,332,33,90
2592416,88,277,24
2621242,66,299,18
2633478,358,7,98
2634361,21,344,5
2634499,24,341,6
2636365,19,346,5
2649521,249,116,68
2656568,0,365,0
2657905,270,95,73
2658094,290,75,79
2660908,1,364,0
2663667,30,335,8
2672058,3,362,0
2682662,330,35,90
2683284,344,21,94
2684840,0,365,0
2694019,171,194,46
2698996,337,28,92
2701124,302,63,82
2706986,83,282,22
2715779,0,365,0
2722165,52,313,14
2723274,0,365,0
2729015,97,268,26
2747654,305,60,83
2754149,245,120,67
2754975,254,111,69
2764624,352,13,96
2769450,316,49,86
2776143,280,85,76
2776391,304,61,83
2778656,0,365,0
2794782,324,41,88
2798599,248,117,67
2798787,276,89,75
2810123,0,365,0
2811937,335,30,91
2821825,364,1,99
2821921,309,56,84
2823378,334,31,91
2831504,335,30,91
2842124,141,224,38
2843445,365,0,100
2843596,345,20,94
2846739,337,28,92
2848239,348,17,95
2848330,337,28,92
2848362,334,31,91
2848370,346,19,94
2848393,328,37,89
2862120,19,346,5
2871079,248,117,67
2872717,148,217,40
2875267,120,245,32
2880944,0,365,0
2881388,327,38,89
2884903,248,117,67
2886933,34,331,9
2892825,354,11,96
2898226,63,302,17
2915595,106,259,29
2915643,365,0,100
2916208,248,117,67
2930663,263,102,72
2931165,336,29,92
2931271,336,29,92
2931870,356,9,97
2933661,365,0,100
2943804,335,30,91
2943893,0,365,0
2947662,91,274,24
2950175,0,365,0
2963419,279,86,76
2998554,4,361,1
3006311,0,365,0
3012529,36,329,9
3021446,302,63,82
3021862,338,27,92
3032367,0,365,0
3050565,279,86,76
3052935,338,27,92
3057116,358,7,98
3060038,356,9,97
3068453,299,66,81
3069104,17,348,4
3075044,359,6,98
3079305,116,249,31
3094942,0,365,0
3129309,310,55,84
3131519,38,327,10
3164650,249,116,68
3166256,285,80,78
3181719,318,47,87
3182473,364,1,99
3182652,0,365,0
3193484,340,25,93
3198169,176,189,48
3229255,258,107,70
3236496,88,277,24
3250739,365,0,100
3250847,332,33,90
3276286,198,167,54
3278624,86,279,23
3289921,29,336,7
3294152,329,36,90
3294775,275,90,75
3302294,316,49,86
3303497,0,365,0
3303860,353,12,96
3309941,83,282,22
3311675,341,24,93
3318814,37,328,10
3342094,185,180,50
3342206,148,217,40
3343428,45,320,12
3344322,336,29,92
3344639,67,298,18
3351728,90,275,24
3359170,364,1,99
3363097,333,32,91
3371091,365,0,100
3377100,286,79,78
3377871,249,116,68
3389896,0,365,0
3392423,266,99,72
3394437,207,158,56
3401809,364,1,99
3410087,191,174,52
3412990,291,74,79
3414993,0,365,0
3415033,356,9,97
3415245,34,331,9
3415434,356,9,97
3419711,298,67,81
3420221,356,9,97
3420384,349,16,95
3432321,5,360,1
3434614,2,363,0
3457722,0,365,0
3458030,0,365,0
3519768,319,46,87
3520353,316,49,86
3521944,0,365,0
3522237,365,0,100
3528826,323,42,88
3539510,224,141,61
3575220,260,105,71
3585343,314,51,86
3589267,343,22,93
3589869,93,272,25
3591359,48,317,13
3591388,355,10,97
3593290,340,25,93
3601030,293,72,80
3601254,328,37,89
3601424,330,35,90
3602379,329,36,90
3606396,0,365,0
3609536,0,365,0
3615760,279,86,76
3616081,334,31,91
3628320,274,91,75
3629014,326,39,89
3641545,0,365,0
3653207,175,190,47
3656168,340,25,93
3659917,158,207,43
3664031,74,291,20
3668038,90,275,24
3673104,56,309,15
3673688,365,0,100
3677662,340,25,93
3678429,356,9,97
3693850,156,209,42
3701108,274,91,75
3703674,250,115,68
3704801,0,365,0
3721095,313,52,85
3727560,349,16,95
3730447,248,117,67
3740274,275,90,75
3749523,314,51,86
3755609,339,26,92
3765014,319,46,87
3765289,361,4,98
3775876,364,1,99
3783090,77,288,21
3788075,318,47,87
3792147,357,8,97
3802530,0,365,0
3808557,0,365,0
3820516,252,113,69
3839678,88,277,24
3842286,129,236,35
3866526,119,246,32
3867014,329,36,90
3870046,274,91,75
3873776,364,1,99
3881993,364,1,99
3888360,316,49,86
3890373,271,94,74
3897963,262,103,71
3897995,277,88,75
3898015,262,103,71
3901439,263,102,72
3903273,263,102,72
3903324,148,217,40
3905508,285,80,78
3914363,148,217,40
3917027,90,275,24
3931204,137,228,37
3945704,307,58,84
3946215,320,45,87
3953472,19,346,5
3957602,305,60,83
3967611,257,108,70
3968797,267,98,73
3969526,121,244,33
3974503,309,56,84
3977877,0,365,0
3985462,315,50,86
3987926,159,206,43
3988018,87,278,23
3992208,283,82,77
3997572,365,0,100
4000384,109,256,29
4015972,334,31,91
4020650,342,23,93
4021522,364,1,99
4025194,159,206,43
4032126,217,148,59
4032756,48,317,13
4034018,283,82,77
4040151,86,279,23
4044840,5,360,1
4053612,360,5,98
4054079,9,356,2
4065322,330,35,90
4065578,113,252,30
4069422,339,26,92
4075898,66,299,18
4080000,90,275,24
4080849,0,365,0
4085362,361,4,98
4089940,57,308,15
4090224,245,120,67
4098410,363,2,99
4105704,284,81,77
4106372,349,16,95
4107959,67,298,18
4109165,145,220,39
4112178,0,365,0
4118162,70,295,19
4119345,288,77,78
4132983,141,224,38
4143561,144,221,39
4149974,314,51,86
4151979,312,53,85
4160585,338,27,92
4173285,310,55,84
4177233,42,323,11
4178790,314,51,86
4180178,279,86,76
4181163,86,279,23
4181530,213,152,58
4190704,324,41,88
4196643,324,41,88
4205641,322,43,88
4216208,136,229,37
4223387,358,7,98
4233242,300,65,82
4255538,293,72,80
4261781,365,0,100
4261784,360,5,98
4262255,301,64,82
4263736,47,318,12
4275846,316,49,86
4278067,330,35,90
4278873,297,68,81
4279959,246,119,67
4283698,300,65,82
4287348,61,304,16
4287366,0,365,0
4287989,0,365,0
4291607,0,365,0
4293597,311,54,85
4294557,0,365,0
4294835,4,361,1
4303606,325,40,89
4304969,294,71,80
4314054,277,88,75
4315439,364,1,99
4331214,131,234,35
4332035,124,241,33
4339392,213,152,58
4340110,334,31,91
4348422,0,365,0
4350898,342,23,93
4350995,248,117,67
4351970,361,4,98
4358181,335,30,91
4359160,291,74,79
4364925,318,47,87
4364989,291,74,79
4369675,0,365,0
4377247,21,344,5
4402209,119,246,32
4402259,317,48,86
4405982,292,73,80
4409653,35,330,9
4409819,331,34,90
4410142,1,364,0
4410765,183,182,50
4430821,0,365,0
4431210,356,9,97
4432035,120,245,32
4435883,1,364,0
4445906,79,286,21
4446413,148,217,40
4447430,279,86,76
4452800,365,0,100
4456987,359,6,98
4457943,27,338,7
4460532,21,344,5
4461111,254,111,69
4461613,276,89,75
4461846,296,69,81
4461901,348,17,95
4467841,0,365,0
4475740,1,364,0
4479140,248,117,67
4483906,365,0,100
4484747,340,25,93
4484798,362,3,99
4489490,73,292,20
4489588,248,117,67
4489752,316,49,86
4489920,86,279,23
4490826,148,217,40
4493030,5,360,1
4494419,311,54,85
4503393,365,0,100
4510513,54,311,14
4516065,5,360,1
4518100,328,37,89
4518380,351,14,96
4518710,336,29,92
4518756,316,49,86
4523594,0,365,0
4526315,145,220,39
4526384,148,217,40
4527029,359,6,98
4530670,356,9,97
4532603,298,67,81
4538423,106,259,29
4546333,74,291,20
4547353,0,365,0
4549374,308,57,84
4553903,72,293,19
4555637,59,306,16
4556374,365,0,100
4558443,37,328,10
4559774,7,358,1
4560053,334,31,91
4565470,86,279,23
4567815,5,360,1
4568116,30,335,8
4573238,283,82,77
4573388,291,74,79
4573458,299,66,81
4574921,296,69,81
4577188,359,6,98
4580825,10,355,2
4583526,328,37,89
4585452,0,365,0
4586590,71,294,19
4586681,339,26,92
4588530,0,365,0
4593974,284,81,77
4598026,216,149,59
4602191,362,3,99
4603588,248,117,67
4603803,0,365,0
4607307,0,365,0
4609785,279,86,76
4610745,0,365,0
4614037,352,13,96
4615251,261,104,71
4625517,0,365,0
4627334,0,365,0
4628907,248,117,67
4632511,293,72,80
4635390,14,351,3
4638356,135,230,36
4644069,0,365,0
4644455,0,365,0
4652263,213,152,58
4653267,0,365,0
4662379,297,68,81
4670285,252,113,69
4679319,64,301,17
4687499,0,365,0
4695542,236,129,64
4698367,16,349,4
4698487,0,365,0
4699742,360,5,98
4699828,127,238,34
4710583,0,365,0
4718577,323,42,88
4736217,365,0,100
4737304,258,107,70
4742275,63,302,17
4750791,292,73,80
4759640,0,365,0
4765070,283,82,77
4767023,257,108,70
4777111,61,304,16
4787213,0,365,0
4787233,4,361,1
4787359,86,279,23
4792901,0,365,0
4793787,340,25,93
4812786,365,0,100
4820071,71,294,19
4823089,0,365,0
4828640,177,188,48
4838985,17,348,4
4860853,320,45,87
4861476,349,16,95
4863101,314,51,86
4863108,305,60,83
4868653,346,19,94
4870883,0,365,0
4875342,248,117,67
4879579,91,274,24
4879702,0,365,0
4887325,0,365,0
4900659,308,57,84
4909590,127,238,34
4916260,110,255,30
4917583,365,0,100
4922204,343,22,93
4924009,299,66,81
4924910,318,47,87
4928894,73,292,20
4934600,315,50,86
4947526,101,264,27
4948724,298,67,81
4964365,253,112,69
4967219,234,131,64
4972820,303,62,83
4975581,285,80,78
4977034,319,46,87
4978467,0,365,0
4995033,16,349,4
4996375,87,278,23
5004278,251,114,68
5019306,356,9,97
5021859,255,110,69
5025015,305,60,83
5026613,0,365,0
5048406,248,117,67
5049582,305,60,83
5054601,312,53,85
5058148,0,365,0
5064995,59,306,16
5067019,236,129,64
5074924,325,40,89
5075267,327,38,89
5076880,339,26,92
5078127,354,11,96
5085125,16,349,4
5086521,0,365,0
5088560,145,220,39
5124772,4,361,1
5125723,309,56,84
5146447,263,102,72
5146451,286,79,78
5146580,305,60,83
5153080,309,56,84
5163162,354,11,96
5166870,322,43,88
5174821,0,365,0
5182313,72,293,19
5191658,241,124,66
5212321,90,275,24
5215982,31,334,8
5222368,308,57,84
5259996,152,213,41
5267396,339,26,92
5269216,295,70,80
5270703,0,365,0
5280183,279,86,76
5280827,356,9,97
5293067,331,34,90
5295491,365,0,100
5308475,37,328,10
5317935,9,356,2
5344465,88,277,24
5352623,109,256,29
5364137,122,243,33
5371051,154,211,42
5371687,299,66,81
5380160,345,20,94
5384923,304,61,83
5405928,340,25,93
5406448,365,0,100
5412487,0,365,0
5433246,0,365,0
5434353,319,46,87
5445126,0,365,0
5447285,0,365,0
5453775,101,264,27
5454513,361,4,98
5455004,365,0,100
5455293,342,23,93
5478135,121,244,33
5481243,302,63,82
5495547,23,342,6
5498472,0,365,0
5510597,304,61,83
5511911,0,365,0
5511924,352,13,96
5521378,74,291,20
5526487,323,42,88
5526514,335,30,91
5532549,1,364,0
5581575,298,67,81
5582163,185,180,50
5584915,6,359,1
5588537,144,221,39
5590505,0,365,0
5592866,6,359,1
5593888,133,232,36
5593939,248,117,67
5601743,62,303,16
5606682,331,34,90
5616179,353,12,96
5620496,87,278,23
5628808,0,365,0
5639731,320,45,87
5640375,325,40,89
5649821,363,2,99
5652147,365,0,100
5659780,364,1,99
5659866,95,270,26
5660081,0,365,0
5661246,356,9,97
5676025,201,164,55
5684346,0,365,0
5684598,248,117,67
5690424,301,64,82
5690640,0,365,0
5702292,320,45,87
5706985,344,21,94
5709298,316,49,86
5714786,321,44,87
5717528,346,19,94
5717690,338,27,92
5718801,168,197,46
5718921,40,325,10
5719606,330,35,90
5725804,259,106,70
5726250,296,69,81
5727231,309,56,84
5729203,365,0,100
5729845,346,19,94
5734770,59,306,16
5738018,0,365,0
5739119,30,335,8
5743939,50,315,13
5755910,297,68,81
5762866,0,365,0
5768195,0,365,0
5768819,309,56,84
5769127,325,40,89
5775139,0,365,0
5782221,150,215,41
5783197,331,34,90
5784404,83,282,22
5791960,306,59,83
5801643,167,198,45
5813992,0,365,0
5824015,0,365,0
5832127,0,365,0
5834413,179,186,49
5834930,365,0,100
5844314,40,325,10
5851489,355,10,97
5856633,0,365,0
5858133,0,365,0
5862806,31,334,8
5867761,0,365,0
5868798,0,365,0
5870309,174,191,47
5870922,125,240,34
5874408,41,324,11
5882411,123,242,33
5884210,0,365,0
5885130,364,1,99
5889190,14,351,3
5891012,340,25,93
5899031,329,36,90
5903001,361,4,98
5904732,333,32,91
5904992,0,365,0
5911004,0,365,0
5918944,279,86,76
5919529,126,239,34
5927267,343,22,93
5932267,176,189,48
5932402,0,365,0
5940069,365,0,100
5940866,36,329,9
5952474,305,60,83
5953696,13,352,3
5959251,66,299,18
5959740,0,365,0
5967421,138,227,37
5967936,0,365,0
5970118,365,0,100
5976821,138,227,37
5989418,0,365,0
5990808,117,248,32
5990896,356,9,97
5991427,363,2,99
5992501,5,360,1
5999291,271,94,74
6000531,8,357,2
6005290,192,173,52
6006121,278,87,76
6006328,332,33,90
6009031,0,365,0
6014302,363,2,99
6014737,363,2,99
6015021,178,187,48
6015995,179,186,49
6017574,38,327,10
6019555,20,345,5
6027467,179,186,49
6038520,248,117,67
6053700,353,12,96
6059968,338,27,92
6065674,274,91,75
6066455,331,34,90
6068207,0,365,0
6072693,0,365,0
6075481,365,0,100
6075932,339,26,92
6080461,329,36,90
6088708,59,306,16
6089196,244,121,66
6089865,296,69,81
6089975,89,276,24
6093430,0,365,0
6104388,7,358,1
6106955,213,152,58
6118583,60,305,16
6119918,365,0,100
6121709,348,17,95
6131224,129,236,35
6134013,0,365,0
6134145,265,100,72
6134867,306,59,83
6142396,310,55,84
6151079,79,286,21
6160803,309,56,84
6167184,113,252,30
6179374,365,0,100
6181230,340,25,93
6181758,203,162,55
6197950,0,365,0
6213822,358,7,98
6214710,295,70,80
6227976,78,287,21
6238463,35,330,9
6240901,306,59,83
6248526,0,365,0
6248970,43,322,11
6261296,341,24,93
6268082,7,358,1
6268395,178,187,48
6268805,69,296,18
6276572,365,0,100
6277566,0,365,0
6287797,0,365,0
6291807,0,365,0
6292261,325,40,89
6296656,336,29,92
6298216,0,365,0
6300089,337,28,92
6310903,295,70,80
6314998,86,279,23
6316145,57,308,15
6317304,266,99,72
6317446,331,34,90
6317722,331,34,90
6322283,88,277,24
6323935,260,105,71
6324649,307,58,84
6326257,340,25,93
6337106,336,29,92
6343532,319,46,87
6347026,285,80,78
6348631,0,365,0
6355733,0,365,0
6356533,65,300,17
6364042,331,34,90
6373729,0,365,0
6377998,327,38,89
6378076,246,119,67
6386351,0,365,0
6387077,0,365,0
6390634,8,357,2
6400348,0,365,0
6400432,0,365,0
6401859,46,319,12
6409811,347,18,95
6410674,67,298,18
6425318,288,77,78
6425405,0,365,0
6426364,323,42,88
6432655,204,161,55
6436334,360,5,98
6444138,86,279,23
6444148,302,63,82
6444303,7,358,1
6445917,3,362,0
6446940,0,365,0
6449549,0,365,0
6451456,0,365,0
6452246,15,350,4
6453686,191,174,52
6465075,286,79,78
6467991,0,365,0
6476613,0,365,0
6480967,0,365,0
6488924,365,0,100
6489209,199,166,54
6499228,365,0,100
6500646,120,245,32
6513924,129,236,35
6516588,365,0,100
6523777,345,20,94
6543678,12,353,3
6544642,26,339,7
6544715,336,29,92
6551454,0,365,0
6552654,318,47,87
6554785,138,227,37
6565713,302,63,82
6568621,67,298,18
6574771,34,331,9
6575654,30,335,8
6576530,357,8,97
6596242,39,326,10
6598203,0,365,0
6600417,0,365,0
6602167,298,67,81
6602217,299,66,81
6609546,336,29,92
6611126,0,365,0
6613472,364,1,99
6614984,13,352,3
6626933,301,64,82
6627469,172,193,47
6627802,365,0,100
6629066,331,34,90
6629929,188,177,51
6640662,14,351,3
6644330,338,27,92
6645010,29,336,7
6646604,272,93,74
6655012,361,4,98
6672582,0,365,0
6676364,120,245,32
6677469,277,88,75
6677640,44,321,12
6677700,0,365,0
6684904,35,330,9
6685682,333,32,91
6686224,99,266,27
6690605,98,267,26
6693305,0,365,0
6705513,345,20,94
6706463,363,2,99
6709682,9,356,2
6716872,0,365,0
6728273,294,71,80
6730758,23,342,6
6741968,291,74,79
6742905,294,71,80
6744795,208,157,56
6758443,340,25,93
6758462,310,55,84
6758482,339,26,92
6759004,282,83,77
6759439,103,262,28
6761345,0,365,0
6762011,326,39,89
6763409,340,25,93
6763587,365,0,100
6763785,249,116,68
6764572,66,299,18
6765855,0,365,0
6776075,0,365,0
6778788,0,365,0
6780300,318,47,87
6780313,328,37,89
6790961,179,186,49
6793913,208,157,56
6793945,106,259,29
6796364,34,331,9
6798777,297,68,81
6801288,22,343,6
6810723,310,55,84
6823017,328,37,89
6834270,308,57,84
6838488,357,8,97
6843850,353,12,96
6844012,117,248,32
6850880,310,55,84
6851459,335,30,91
6854357,0,365,0
6862594,0,365,0
6862758,0,365,0
6865619,0,365,0
6870366,6,359,1
6870485,248,117,67
6879036,324,41,88
6881541,342,23,93
6882615,315,50,86
6886946,11,354,3
6887053,17,348,4
6887926,334,31,91
6894734,0,365,0
6895050,32,333,8
6908525,304,61,83
6908672,0,365,0
6911945,2,363,0
6914622,1,364,0
6921241,0,365,0
6921672,0,365,0
6923446,276,89,75
6923942,0,365,0
6924700,66,299,18
6927063,0,365,0
6936712,285,80,78
6939126,365,0,100
6939162,240,125,65
6939454,20,345,5
6939759,0,365,0
6951829,208,157,56
6954861,53,312,14
6955911,0,365,0
6965516,108,257,29
6971836,0,365,0
6972426,350,15,95
6976414,264,101,72
6983246,228,137,62
6990023,305,60,83
6990904,78,287,21
6991310,0,365,0
6992859,364,1,99
6993585,0,365,0
7003280,319,46,87
7006683,243,122,66
7007801,98,267,26
7008455,330,35,90
7009774,0,365,0
7018497,0,365,0
7033732,27,338,7
7035556,177,188,48
7036112,0,365,0
7050397,0,365,0
7052171,0,365,0
7052847,0,365,0
7053454,308,57,84
7054058,3,362,0
7054912,0,365,0
7055184,0,365,0
7067397,0,365,0
7071883,86,279,23
7080514,0,365,0
7086825,325,40,89
7092874,0,365,0
7093109,353,12,96
7095320,0,365,0
7095658,248,117,67
7106162,0,365,0
7109689,339,26,92
7113260,312,53,85
7114655,17,348,4
7125052,0,365,0
7134081,337,28,92
7159343,0,365,0
7161203,351,14,96
7178893,22,343,6
7181950,325,40,89
7185881,343,22,93
7194793,22,343,6
7205210,122,243,33
7211531,149,216,40
7214920,272,93,74
7219056,86,279,23
7220216,86,279,23
7222349,337,28,92
7225201,364,1,99
7225376,0,365,0
7239024,338,27,92
7240149,0,365,0
7240775,309,56,84
7244031,0,365,0
7245413,0,365,0
7246272,138,227,37
7252607,262,103,71
7264674,309,56,84
7273513,248,117,67
7273770,0,365,0
7274342,0,365,0
7275018,0,365,0
7277653,69,296,18
7280665,0,365,0
7281884,39,326,10
7283351,0,365,0
7287822,129,236,35
7292184,68,297,18
7293671,242,123,66
7294565,0,365,0
7308623,0,365,0
7308811,0,365,0
7310887,301,64,82
7321217,309,56,84
7325063,245,120,67
7325084,0,365,0
7329849,0,365,0
7330494,302,63,82
7342359,0,365,0
7342489,290,75,79
7348110,364,1,99
7356415,0,365,0
7358714,26,339,7
7362715,0,365,0
7367795,3,362,0
7368611,323,42,88
7377034,19,346,5
7379913,0,365,0
7389719,54,311,14
7395978,0,365,0
7403927,340,25,93
7414930,365,0,100
7420789,344,21,94
7434871,9,356,2
7441144,64,301,17
7449448,347,18,95
7450348,0,365,0
7454907,0,365,0
7454966,359,6,98
7456890,14,351,3
7461091,0,365,0
7462268,290,75,79
7472068,343,22,93
7474044,332,33,90
7474615,317,48,86
7474855,334,31,91
7475215,306,59,83
7475379,318,47,87
7475557,313,52,85
7476340,310,55,84
7476671,245,120,67
7476936,0,365,0
7479725,20,345,5
7482195,295,70,80
7482338,269,96,73
7489883,364,1,99
7495866,304,61,83
7497047,257,108,70
7499960,60,305,16
7508063,0,365,0
7508865,179,186,49
7509273,65,300,17
7511737,324,41,88
7511838,124,241,33
7513605,343,22,93
7513906,312,53,85
7514024,319,46,87
7514336,312,53,85
7527149,323,42,88
7527677,7,358,1
7527864,125,240,34
7529525,364,1,99
7531700,286,79,78
7540480,338,27,92
7553969,1,364,0
7554801,21,344,5
7562235,0,365,0
7573274,168,197,46
7575052,264,101,72
7575576,8,357,2
7582651,0,365,0
7592616,0,365,0
7596262,179,186,49
7602994,0,365,0
7611271,354,11,96
7614517,245,120,67
7618925,111,254,30
7620413,0,365,0
7630340,331,34,90
7630346,309,56,84
7633883,279,86,76
7634067,60,305,16
7634365,8,357,2
7635616,309,56,84
7637094,0,365,0
7645862,327,38,89
7649517,28,337,7
7650016,277,88,75
7651065,334,31,91
7678756,0,365,0
7692933,325,40,89
7693009,343,22,93
7693354,311,54,85
7694365,290,75,79
7694559,326,39,89
7698631,0,365,0
7708436,41,324,11
7713728,272,93,74
7713815,327,38,89
7714627,321,44,87
7721323,248,117,67
7723492,163,202,44
7724412,0,365,0
7725279,281,84,76
7728499,324,41,88
7728508,91,274,24
7731797,105,260,28
7735518,173,192,47
7740436,4,361,1
7740592,364,1,99
7741566,134,231,36
7743569,290,75,79
7745117,2,363,0
7746589,332,33,90
7749568,0,365,0
7755144,346,19,94
7783953,7,358,1
7784616,4,361,1
7789055,333,32,91
7789429,153,212,41
7790454,175,190,47
7796658,0,365,0
7797744,218,147,59
7804358,325,40,89
7805515,131,234,35
7809904,0,365,0
7823025,149,216,40
7825327,335,30,91
7832890,308,57,84
7836038,310,55,84
7837202,312,53,85
7838961,364,1,99
7840131,0,365,0
7840411,0,365,0
7840752,16,349,4
7840797,342,23,93
7841193,0,365,0
7842550,106,259,29
7845607,0,365,0
7853079,318,47,87
7853971,330,35,90
7854569,0,365,0
7854872,337,28,92
7855120,327,38,89
7855702,179,186,49
7856208,0,365,0
7856323,113,252,30
7857318,245,120,67
7860369,363,2,99
7868209,0,365,0
7868931,179,186,49
7869167,330,35,90
7869368,365,0,100
7869497,275,90,75
7871576,0,365,0
7874552,347,18,95
7879708,365,0,100
7880828,359,6,98
7881551,314,51,86
7894645,353,12,96
7900936,312,53,85
7901248,9,356,2
7910223,211,154,57
7911936,284,81,77
7914359,305,60,83
7916575,340,25,93
7918592,275,90,75
7919500,30,335,8
7920541,26,339,7
7920759,0,365,0
7921131,21,344,5
7921649,49,316,13
7927765,340,25,93
7928656,0,365,0
7929879,348,17,95
7931331,113,252,30
7931882,0,365,0
7933149,348,17,95
7934491,365,0,100
7939556,365,0,100
7954808,30,335,8
7956634,255,110,69
7961477,197,168,53
7965521,297,68,81
7971930,0,365,0
7982359,0,365,0
7984226,0,365,0
7984949,276,89,75
7986179,0,365,0
7988755,298,67,81
7996844,334,31,91
8006992,321,44,87
8011545,0,365,0
8014383,158,207,43
8014642,0,365,0
8014683,0,365,0
8014950,0,365,0
8015793,0,365,0
8025718,300,65,82
8029788,0,365,0
8034092,365,0,100
8036024,69,296,18
8048838,0,365,0
8052494,0,365,0
8052617,325,40,89
8055839,0,365,0
8063815,167,198,45
8063870,148,217,40
8064980,278,87,76
8065282,322,43,88
8067585,50,315,13
8081935,179,186,49
8082512,310,55,84
8085906,179,186,49
8088370,69,296,18
8090623,353,12,96
8096900,112,253,30
8097453,179,186,49
8097903,309,56,84
8099266,179,186,49
8112652,0,365,0
8116523,70,295,19
8118718,15,350,4
8131907,24,341,6
8133752,362,3,99
8134231,0,365,0
8141545,208,157,56
8145397,179,186,49
8146576,175,190,47
8152796,0,365,0
8153848,353,12,96
8161218,365,0,100
8162168,179,186,49
8163273,125,240,34
8164146,179,186,49
8164953,208,157,56
8165898,179,186,49
8166076,332,33,90
8168982,179,186,49
8170181,273,92,74
8172380,335,30,91
8184007,179,186,49
8184662,179,186,49
8187052,179,186,49
8187595,179,186,49
8188894,0,365,0
8189821,0,365,0
8191517,359,6,98
8191739,341,24,93
8193344,339,26,92
8200839,295,70,80
8201104,326,39,89
8206536,278,87,76
8206659,0,365,0
8211468,310,55,84
8224214,332,33,90
8226982,0,365,0
8227206,69,296,18
8228903,342,23,93
8231382,17,348,4
8238078,365,0,100
8238311,352,13,96
8238404,289,76,79
8249201,0,365,0
8252058,286,79,78
8265182,347,18,95
8271384,319,46,87
8272350,0,365,0
8274008,331,34,90
8275122,0,365,0
8283433,156,209,42
8291550,40,325,10
8301150,0,365,0
8301926,1,364,0
8302844,8,357,2
8303267,333,32,91
8303748,0,365,0
8309604,0,365,0
8309711,309,56,84
8310653,0,365,0
8310660,0,365,0
8310807,349,16,95
8310894,0,365,0
8316068,352,13,96
8319253,364,1,99
8325030,179,186,49
8325366,172,193,47
8325477,307,58,84
8325544,179,186,49
8326439,356,9,97
8327907,327,38,89
8334845,179,186,49
8335652,179,186,49
8335838,179,186,49
8336347,179,186,49
8336364,0,365,0
8336388,0,365,0
8337048,4,361,1
8338792,0,365,0
8340072,137,228,37
8340599,124,241,33
8351880,69,296,18
8354938,177,188,48
8366402,19,346,5
8371115,5,360,1
8371203,364,1,99
8373729,356,9,97
8378257,347,18,95
8381472,0,365,0
8384444,19,346,5
8388481,61,304,16
8389735,0,365,0
8390386,2,363,0
8390793,0,365,0
8391298,0,365,0
8400275,284,81,77
8402408,280,85,76
8403945,310,55,84
8404805,365,0,100
8406972,0,365,0
8410270,0,365,0
8417742,129,236,35
8420883,342,23,93
8420956,34,331,9
8422876,321,44,87
8428052,0,365,0
8428314,61,304,16
8432166,0,365,0
8439372,67,298,18
8439661,340,25,93
8441187,59,306,16
8442314,217,148,59
8442940,7,358,1
8450098,343,22,93
8454985,160,205,43
8458210,344,21,94
8460627,356,9,97
8461819,285,80,78
8469464,248,117,67
8469735,334,31,91
8471852,271,94,74
8473851,161,204,44
8480507,45,320,12
8481291,0,365,0
8482847,324,41,88
8490356,349,16,95
8495348,365,0,100
8497555,0,365,0
8514932,93,272,25
8515356,58,307,15
8518091,0,365,0
8518237,141,224,38
8518665,13,352,3
8521792,290,75,79
8523157,258,107,70
8536113,5,360,1
8536127,353,12,96
8537786,365,0,100
8539551,217,148,59
8548176,351,14,96
8552338,3,362,0
8552387,0,365,0
8555187,0,365,0
8556025,309,56,84
8563141,127,238,34
8566407,19,346,5
8575476,223,142,61
8577620,0,365,0
8579799,198,167,54
8584276,179,186,49
8587030,330,35,90
8595227,0,365,0
8595650,309,56,84
8596320,200,165,54
8607856,0,365,0
8613870,0,365,0
8614167,75,290,20
8624898,215,150,58
8626752,0,365,0
8631257,0,365,0
8634599,359,6,98
8645254,311,54,85
8649257,178,187,48
8662258,314,51,86
8663351,9,356,2
8670336,110,255,30
8680170,39,326,10
8686165,45,320,12
8696200,0,365,0
8696236,0,365,0
8700820,336,29,92
8703026,254,111,69
8704161,305,60,83
8704828,6,359,1
8714682,0,365,0
8716849,363,2,99
8717204,170,195,46
8720673,364,1,99
8720718,231,134,63
8732121,337,28,92
8733896,0,365,0
8734707,66,299,18
8735827,42,323,11
8737466,348,17,95
8747720,0,365,0
8751275,169,196,46
8753559,67,298,18
8753913,101,264,27
8757949,89,276,24
8758450,18,347,4
8761060,365,0,100
8780440,324,41,88
8782592,18,347,4
8782991,0,365,0
8789821,85,280,23
8792552,0,365,0
8799256,36,329,9
8801250,341,24,93
8813451,352,13,96
8814039,350,15,95
8814105,350,15,95
8814215,360,5,98
8814479,359,6,98
8814532,361,4,98
8815257,63,302,17
8815738,40,325,10
8822499,233,132,63
8827268,365,0,100
8828147,363,2,99
8830015,323,42,88
8837755,0,365,0
8846202,135,230,36
8846849,158,207,43
8859689,322,43,88
8861069,12,353,3
8882195,111,254,30
8886703,346,19,94
8899828,88,277,24
8902304,23,342,6
8904297,357,8,97
8904546,353,12,96
8908145,364,1,99
8921130,4,361,1
8923817,276,89,75
8925974,365,0,100
8930592,83,282,22
8932377,0,365,0
8934599,160,205,43
8947232,347,18,95
8955473,365,0,100
8956962,365,0,100
8962914,335,30,91
8970393,170,195,46
8970779,248,117,67
8973362,0,365,0
8981656,323,42,88
8982616,325,40,89
8983081,178,187,48
8987722,84,281,23
8988506,85,280,23
8992733,0,365,0
9013631,340,25,93
9040476,86,279,23
9041513,148,217,40
9047646,0,365,0
9057435,145,220,39
9058863,365,0,100
9078482,0,365,0
9078998,0,365,0
9094794,0,365,0
9107357,78,287,21
9109401,311,54,85
9110588,0,365,0
9110708,0,365,0
9111413,322,43,88
9114896,298,67,81
9117009,303,62,83
9125711,0,365,0
9127677,243,122,66
9130532,0,365,0
9132081,0,365,0
9133627,311,54,85
9137560,0,365,0
9144588,128,237,35
9145242,361,4,98
9166002,0,365,0
9166393,0,365,0
9169272,0,365,0
9180947,114,251,31
9180965,365,0,100
9183638,0,365,0
9197535,0,365,0
9207914,91,274,24
9208166,137,228,37
9212213,248,117,67
9218288,0,365,0
9218312,107,258,29
9218362,267,98,73
9228519,248,117,67
9231486,342,23,93
9232355,333,32,91
9235198,8,357,2
9237653,262,103,71
9238963,0,365,0
9239190,352,13,96
9248612,5,360,1
9250014,44,321,12
9252183,343,22,93
9255725,63,302,17
9256035,141,224,38
9259184,310,55,84
9261381,0,365,0
9273395,317,48,86
9273978,340,25,93
9274587,313,52,85
9279773,86,279,23
9292118,25,340,6
9299923,1,364,0
9301075,44,321,12
9327506,0,365,0
9329398,44,321,12
9331460,0,365,0
9332643,0,365,0
9340410,42,323,11
9343915,222,143,60
9344096,0,365,0
9346513,357,8,97
9349614,0,365,0
9349646,0,365,0
9352045,0,365,0
9362821,33,332,9
9364092,65,300,17
9367059,0,365,0
9373802,52,313,14
9382898,310,55,84
9383459,160,205,43
9386847,0,365,0
9390951,0,365,0
9393163,0,365,0
9407895,0,365,0
9410831,0,365,0
9414403,36,329,9
9415687,0,365,0
9415712,280,85,76
9425087,6,359,1
9425902,0,365,0
9428208,0,365,0
9430774,0,365,0
9445192,0,365,0
9446242,364,1,99
9448243,75,290,20
9452993,164,201,44
9459945,305,60,83
9460898,325,40,89
9461126,0,365,0
9463444,47,318,12
9464030,0,365,0
9470342,0,365,0
9473811,0,365,0
9473816,0,365,0
9474436,75,290,20
9485607,290,75,79
9487079,102,263,27
9493951,337,28,92
9494212,348,17,95
9494511,349,16,95
9496325,318,47,87
9496337,33,332,9
9504177,0,365,0
9504314,248,117,67
9507164,348,17,95
9508099,346,19,94
9508975,0,365,0
9530285,361,4,98
9531326,0,365,0
9532771,0,365,0
9533193,0,365,0
9541295,77,288,21
9541666,0,365,0
9549850,184,181,50
9550398,0,365,0
9570618,362,3,99
9574727,0,365,0
9575439,195,170,53
9577988,209,156,57
9590679,119,246,32
9591772,0,365,0
9593141,0,365,0
9596153,0,365,0
9607296,364,1,99
9607385,67,298,18
9610609,338,27,92
9611852,42,323,11
9614024,0,365,0
9626428,3,362,0
9626892,317,48,86
9631816,0,365,0
9644312,0,365,0
9663423,4,361,1
9676551,314,51,86
9677207,0,365,0
9677354,363,2,99
9680953,4,361,1
9685076,333,32,91
9685085,353,12,96
9685102,327,38,89
9694218,227,138,62
9698226,348,17,95
9698823,0,365,0
9706199,0,365,0
9706279,0,365,0
9707238,0,365,0
9709597,8,357,2
9710673,0,365,0
9710999,0,365,0
9711934,313,52,85
9712731,0,365,0
9723217,6,359,1
9725178,122,243,33
9727523,328,37,89
9728602,56,309,15
9731479,80,285,21
9750460,14,351,3
9751520,0,365,0
9755993,0,365,0
9757412,0,365,0
9770477,111,254,30
9770560,0,365,0
9791506,279,86,76
9793239,0,365,0
9796309,0,365,0
9807292,140,225,38
9809914,47,318,12
9813223,121,244,33
9821291,0,365,0
9822600,0,365,0
9824155,324,41,88
9825415,4,361,1
9826706,0,365,0
9833460,306,59,83
9834532,0,365,0
9834617,248,117,67
9834727,86,279,23
9840919,0,365,0
9841140,196,169,53
9841645,0,365,0
9844242,92,273,25
9845039,0,365,0
9853959,0,365,0
9854083,365,0,100
9855805,152,213,41
9857049,155,210,42
9858437,146,219,40
9858828,0,365,0
9862792,153,212,41
9864083,0,365,0
9865550,0,365,0
9868322,0,365,0
9878725,0,365,0
9885963,0,365,0
9887664,0,365,0
9894686,249,116,68
9896359,272,93,74
9896713,290,75,79
9897713,5,360,1
9900315,17,348,4
9905304,339,26,92
9906565,288,77,78
9918240,246,119,67
9918713,179,186,49
9920084,179,186,49
9921925,170,195,46
9922595,175,190,47
9926208,248,117,67
9926796,365,0,100
9933886,116,249,31
9934771,0,365,0
9941923,0,365,0
9949819,0,365,0
9953144,364,1,99
9958026,359,6,98
9961767,7,358,1
9969226,0,365,0
9971054,178,187,48
9974833,40,325,10
9989001,0,365,0
9991857,174,191,47
9992143,176,189,48
9992532,179,186,49
9992751,179,186,49
9993602,179,186,49
9993826,179,186,49
9998187,90,275,24
9999894,0,365,0
10004575,90,275,24
10009367,0,365,0
10021398,328,37,89
10032327,75,290,20
10033322,179,186,49
10033710,179,186,49
10033715,117,248,32
10034113,179,186,49
10034183,0,365,0
10034592,361,4,98
10034614,179,186,49
10034930,113,252,30
10035581,117,248,32
10036037,117,248,32
10036192,365,0,100
10037387,204,161,55
10048789,117,248,32
10050351,176,189,48
10051003,242,123,66
10051357,117,248,32
10051623,117,248,32
10051649,365,0,100
10051842,62,303,16
10052037,117,248,32
10052445,111,254,30
10052622,117,248,32
10052824,108,257,29
10052920,117,248,32
10053032,113,252,30
10053235,117,248,32
10053454,117,248,32
10053549,117,248,32
10053928,117,248,32
10054046,114,251,31
10056496,36,329,9
10068240,355,10,97
10070404,328,37,89
10074653,27,338,7
10083878,120,245,32
10084216,15,350,4
10103725,7,358,1
10106081,144,221,39
10113230,248,117,67
10116095,351,14,96
10116429,173,192,47
10116601,173,192,47
10116726,173,192,47
10116914,172,193,47
10117122,175,190,47
10117329,179,186,49
10117472,175,190,47
10117803,179,186,49
10118091,175,190,47
10118379,175,190,47
10118573,179,186,49
10118716,179,186,49
10118946,179,186,49
10119075,179,186,49
10119193,179,186,49
10119327,179,186,49
10123024,0,365,0
10127270,365,0,100
10131503,179,186,49
10132073,337,28,92
10136854,117,248,32
10138792,203,162,55
10138904,315,50,86
10148425,269,96,73
10149314,173,192,47
10152056,179,186,49
10153536,117,248,32
10153739,117,248,32
10163454,0,365,0
10164759,348,17,95
10164810,354,11,96
10175033,314,51,86
10185646,309,56,84
10185866,0,365,0
10186477,0,365,0
10190260,105,260,28
10208321,0,365,0
10211649,184,181,50
10226171,0,365,0
10227043,289,76,79
10228228,179,186,49
10228457,17,348,4
10228764,117,248,32
10229333,179,186,49
10231171,272,93,74
10231714,0,365,0
10233104,74,291,20
10234895,331,34,90
10247000,0,365,0
10249798,79,286,21
10253416,0,365,0
10253591,335,30,91
10253899,74,291,20
10261620,179,186,49
10262069,179,186,49
10264774,180,185,49
10266397,199,166,54
10266928,183,182,50
10268223,248,117,67
10271867,0,365,0
10279083,340,25,93
10293480,360,5,98
10295349,360,5,98
10299047,153,212,41
10311094,333,32,91
10327517,0,365,0
10328539,237,128,64
10333345,344,21,94
10353263,249,116,68
10356880,304,61,83
10379031,99,266,27
10381729,256,109,70
10391455,41,324,11
10409490,0,365,0
10411383,291,74,79
10426124,130,235,35
10427199,149,216,40
10427882,203,162,55
10434883,155,210,42
10436811,0,365,0
10454061,347,18,95
10470115,340,25,93
10475848,166,199,45
10478553,0,365,0
10494550,254,111,69
10524612,315,50,86
10537553,5,360,1
10542140,253,112,69
10549219,0,365,0
10552237,304,61,83
10552485,248,117,67
10559976,330,35,90
10567830,365,0,100
10569282,140,225,38
10592815,0,365,0
10594800,304,61,83
10607657,347,18,95
10610205,151,214,41
10611598,0,365,0
10611728,179,186,49
10627514,258,107,70
10634364,242,123,66
10653150,284,81,77
10656206,347,18,95
10656576,0,365,0
10656899,0,365,0
10671192,36,329,9
10701625,357,8,97
10704442,0,365,0
10705351,18,347,4
10706413,2,363,0
10724635,0,365,0
10730102,0,365,0
10734159,36,329,9
10742655,365,0,100
10747524,276,89,75
10749312,258,107,70
10749794,143,222,39
10764250,65,300,17
10779412,0,365,0
10787333,213,152,58
10812807,0,365,0
10835494,315,50,86
10836881,355,10,97
10850420,97,268,26
10855052,0,365,0
10857914,245,120,67
10859498,359,6,98
10860611,0,365,0
10881600,341,24,93
10881994,342,23,93
10882267,62,303,16
10883063,39,326,10
10905777,0,365,0
10928093,0,365,0
10945407,19,346,5
10945558,340,25,93
10945774,351,14,96
10949319,216,149,59
10964552,68,297,18
10987109,39,326,10
10995355,36,329,9
10995976,300,65,82
10997047,325,40,89
11006149,0,365,0
11008495,143,222,39
11011124,0,365,0
11016623,88,277,24
11020786,0,365,0
11021254,176,189,48
11022736,0,365,0
11035223,248,117,67
11035352,365,0,100
11036835,0,365,0
11041684,361,4,98
11043756,365,0,100
11060140,361,4,98
11061030,0,365,0
11067772,324,41,88
11069156,0,365,0
11082235,148,217,40
11087657,75,290,20
11087731,0,365,0
11120777,322,43,88
11121872,303,62,83
11122394,298,67,81
11126122,29,336,7
11127085,0,365,0
11147761,237,128,64
11159585,365,0,100
11169560,60,305,16
11201204,198,167,54
11202183,118,247,32
11211273,344,21,94
11213228,0,365,0
11219568,29,336,7
11220522,0,365,0
11223924,319,46,87
11229070,0,365,0
11240774,0,365,0
11255643,158,207,43
11258721,301,64,82
11275661,144,221,39
11275963,10,355,2
11276570,141,224,38
11295065,3,362,0
11300899,267,98,73
11304657,0,365,0
11306586,298,67,81
11313921,0,365,0
11333422,329,36,90
11334091,327,38,89
11336922,0,365,0
11343048,337,28,92
11343485,2,363,0
11357756,364,1,99
11370704,0,365,0
11371205,341,24,93
11376403,228,137,62
11389072,309,56,84
11395461,0,365,0
11397511,80,285,21
11397952,26,339,7
11398458,313,52,85
11398953,325,40,89
11410652,9,356,2
11418599,309,56,84
11431331,79,286,21
11440702,0,365,0
11441717,279,86,76
11452297,63,302,17
11454147,150,215,41
11454728,124,241,33
11455804,115,250,31
11462476,308,57,84
11470818,364,1,99
11474006,35,330,9
11474130,161,204,44
11474629,71,294,19
11492423,326,39,89
11494020,303,62,83
11498416,69,296,18
11498523,67,298,18
11498583,73,292,20
11512755,0,365,0
11514237,339,26,92
11521541,349,16,95
11528125,0,365,0
11530331,259,106,70
11553697,0,365,0
11563716,72,293,19
11569156,0,365,0
11569331,248,117,67
11572070,364,1,99
11579622,255,110,69
11583581,261,104,71
11584799,124,241,33
11585459,364,1,99
11588543,306,59,83
11589644,82,283,22
11590000,85,280,23
11590512,7,358,1
11592067,0,365,0
11592154,0,365,0
11593592,1,364,0
11618815,300,65,82
11624428,0,365,0
11626869,355,10,97
11634638,0,365,0
11634778,49,316,13
11639480,362,3,99
11648212,0,365,0
11648688,359,6,98
11649321,360,5,98
11653496,64,301,17
11656698,296,69,81
11662212,215,150,58
11677211,0,365,0
11686744,29,336,7
11687031,29,336,7
11687122,32,333,8
11688611,0,365,0
11695285,264,101,72
11701611,18,347,4
11710680,26,339,7
11714059,288,77,78
11717217,0,365,0
11734812,137,228,37
11735784,136,229,37
11739985,341,24,93
11740527,64,301,17
11751289,0,365,0
11757166,295,70,80
11757251,0,365,0
11757376,299,66,81
11758169,311,54,85
11759332,340,25,93
11760822,324,41,88
11767622,76,289,20
11771810,304,61,83
11772497,0,365,0
11787441,300,65,82
11788394,77,288,21
11796879,0,365,0
11799482,0,365,0
11818157,365,0,100
11826815,0,365,0
11837857,19,346,5
11841986,79,286,21
11842312,100,265,27
11853416,336,29,92
11856912,0,365,0
11861063,120,245,32
11863590,356,9,97
11866651,133,232,36
11866869,0,365,0
11873789,345,20,94
11885148,76,289,20
11885653,0,365,0
11890768,172,193,47
11896394,262,103,71
11902134,275,90,75
11905849,303,62,83
11906382,0,365,0
11907764,165,200,45
11912139,290,75,79
11921486,365,0,100
11922134,326,39,89
11924459,241,124,66
11927580,0,365,0
11940785,0,365,0
11946029,309,56,84
11947150,0,365,0
11948017,0,365,0
11963384,116,249,31
11964926,331,34,90
11966297,7,358,1
11967208,0,365,0
11968079,176,189,48
11970702,357,8,97
11980767,94,271,25
11981674,179,186,49
11982313,175,190,47
11983286,131,234,35
11983535,176,189,48
11985521,176,189,48
11986653,71,294,19
11987762,176,189,48
11990528,0,365,0
11992431,350,15,95
12020004,279,86,76
12020829,246,119,67
12022134,163,202,44
12023024,343,22,93
12026868,0,365,0
12033661,130,235,35
12034317,0,365,0
12047758,365,0,100
12049787,155,210,42
12051674,345,20,94
12052288,296,69,81
12052292,305,60,83
12052820,351,14,96
12067685,37,328,10
12069214,309,56,84
12071820,57,308,15
12072006,0,365,0
12074204,26,339,7
12081834,59,306,16
12087989,312,53,85
12088322,175,190,47
12089399,179,186,49
12092499,342,23,93
12094488,40,325,10
12102482,179,186,49
12103501,335,30,91
12109171,322,43,88
12125635,299,66,81
12126299,315,50,86
12130434,359,6,98
12143408,323,42,88
12147973,0,365,0
12154150,0,365,0
12154934,143,222,39
12175961,305,60,83
12176027,0,365,0
12183851,308,57,84
12184433,365,0,100
12190053,84,281,23
12191871,111,254,30
12205324,0,365,0
12208307,0,365,0
12208806,365,0,100
12209147,365,0,100
12209339,365,0,100
12209652,365,0,100
12210223,10,355,2
12211821,323,42,88
12221012,107,258,29
12232615,0,365,0
12233043,77,288,21
12233225,67,298,18
12233285,72,293,19
12233830,124,241,33
12246137,179,186,49
12247217,179,186,49
12253029,3,362,0
12253499,67,298,18
12254831,0,365,0
12262803,0,365,0
12263690,168,197,46
12264207,0,365,0
12264926,0,365,0
12265433,347,18,95
12268144,0,365,0
12269155,315,50,86
12270833,0,365,0
12274601,341,24,93
12284774,206,159,56
12286410,160,205,43
12287687,179,186,49
12287958,156,209,42
12290477,0,365,0
12290886,159,206,43
12291029,96,269,26
12301081,179,186,49
12302222,179,186,49
12303347,175,190,47
12304165,171,194,46
12306135,0,365,0
12308161,40,325,10
12308927,88,277,24
12309083,283,82,77
12318093,317,48,86
12320063,0,365,0
12339410,84,281,23
12343588,277,88,75
12344014,0,365,0
12351909,138,227,37
12356183,179,186,49
12356962,340,25,93
12357955,206,159,56
12359031,179,186,49
12359181,0,365,0
12362389,0,365,0
12363660,354,11,96
12365159,0,365,0
12365454,291,74,79
12366845,0,365,0
12368012,327,38,89
12368082,217,148,59
12372052,231,134,63
12379725,304,61,83
12382239,0,365,0
12383204,175,190,47
12383703,175,190,47
12384469,2,363,0
12386020,58,307,15
12390027,36,329,9
12407753,0,365,0
12409042,59,306,16
12425501,318,47,87
12426823,0,365,0
12426977,67,298,18
12428994,166,199,45
12432535,73,292,20
12432623,248,117,67
12436115,363,2,99
12446656,248,117,67
12463075,356,9,97
12463555,0,365,0
12489916,0,365,0
12492474,207,158,56
12493396,0,365,0
12494334,364,1,99
12496332,0,365,0
12497846,0,365,0
12504504,292,73,80
12508801,279,86,76
12515067,0,365,0
12517081,0,365,0
12534735,70,295,19
12535687,333,32,91
12540640,46,319,12
12541136,36,329,9
12545716,76,289,20
12560987,313,52,85
12563549,88,277,24
12566065,146,219,40
12580274,348,17,95
12581300,0,365,0
12585455,320,45,87
12586305,364,1,99
12587887,235,130,64
12592117,337,28,92
12592696,0,365,0
12593225,347,18,95
12593295,311,54,85
12593655,341,24,93
12593869,281,84,76
12599820,0,365,0
12603280,152,213,41
12604733,350,15,95
12608363,0,365,0
12618291,346,19,94
12620315,0,365,0
12621291,10,355,2
12626504,94,271,25
12627225,364,1,99
12628940,0,365,0
12630619,114,251,31
12639344,362,3,99
12646288,28,337,7
12647606,59,306,16
12648403,305,60,83
12652181,0,365,0
12653367,2,363,0
12655758,3,362,0
12657537,360,5,98
12665563,16,349,4
12667158,0,365,0
12672097,247,118,67
12679021,0,365,0
12683680,349,16,95
12699603,0,365,0
12707324,0,365,0
12708781,343,22,93
12709469,0,365,0
12726343,145,220,39
12727401,24,341,6
12735111,363,2,99
12735138,0,365,0
12736032,2,363,0
12736777,217,148,59
12738641,0,365,0
12738816,217,148,59
12739300,340,25,93
12750816,0,365,0
12752020,238,127,65
12752442,45,320,12
12755021,0,365,0
12756776,358,7,98
12761363,0,365,0
12781774,294,71,80
12784064,310,55,84
12789527,70,295,19
12796034,0,365,0
12796808,364,1,99
12797493,323,42,88
12803718,299,66,81
12806707,340,25,93
12811191,359,6,98
12812461,42,323,11
12815192,4,361,1
12824498,0,365,0
12825412,0,365,0
12826145,334,31,91
12826881,3,362,0
12828996,0,365,0
12830117,3,362,0
12833084,0,365,0
12835086,281,84,76
12843196,325,40,89
12849003,255,110,69
12849985,0,365,0
12854553,0,365,0
12855005,0,365,0
12855343,108,257,29
12855396,341,24,93
12856007,309,56,84
12857811,362,3,99
12857981,358,7,98
12865092,1,364,0
12868343,0,365,0
12870514,189,176,51
12871837,364,1,99
12873268,0,365,0
12873438,276,89,75
12873559,0,365,0
12874603,0,365,0
12888054,156,209,42
12890156,324,41,88
12891323,248,117,67
12897110,319,46,87
12898806,160,570,43
12899026,349,16,95
12899321,351,14,96
12902509,0,365,0
12904318,360,5,98
12914154,286,79,78
12915510,365,0,100
12916551,242,123,66
12927298,331,34,90
12930651,0,365,0
12932001,359,6,98
12949270,0,365,0
12949309,344,21,94
12953937,283,82,77
12957423,291,74,79
12962229,0,365,0
12969783,344,21,94
12971157,0,365,0
12971329,325,40,89
12972378,336,29,92
12973308,153,212,41
12979965,275,90,75
12984263,145,220,39
12984748,148,217,40
12986016,148,217,40
12986892,148,217,40
12987348,278,87,76
12994227,259,106,70
12997241,0,365,0
12997334,0,365,0
12998272,330,35,90
12998582,0,365,0
13000520,30,335,8
13002808,32,333,8
13004551,1,364,0
13005579,340,25,93
13007112,0,365,0
13007124,305,60,83
13007181,248,117,67
13015353,359,6,98
13015653,226,139,61
13015767,327,38,89
13015832,246,119,67
13015927,298,67,81
13017064,0,365,0
13017162,122,243,33
13017460,343,22,93
13018428,69,296,18
13019695,1,364,0
13024208,0,365,0
13024385,77,288,21
13027627,25,340,6
13028092,255,110,69
13028247,51,314,13
13028899,326,39,89
13028935,0,365,0
13031523,0,365,0
13032590,322,43,88
13037372,344,21,94
13041602,2,363,0
13041752,2,363,0
13044229,3,362,0
13045194,279,86,76
13046976,36,329,9
13054720,28,337,7
13056513,142,223,38
13060113,89,276,24
13060366,365,0,100
13062783,0,365,0
13063952,192,173,52
13064781,109,256,29
13073078,0,365,0
13074722,0,365,0
13076586,0,365,0
13077603,93,272,25
13078025,155,210,42
13078068,294,71,80
13078148,59,306,16
13078164,138,227,37
13079659,109,256,29
13079902,0,365,0
13081090,76,289,20
13081347,0,365,0
13082258,0,365,0
13083058,0,365,0
13083342,14,351,3
13090471,0,365,0
13098572,364,1,99
13100828,89,276,24
13101775,0,365,0
13107648,224,141,61
13110084,185,180,50
13110347,132,233,36
13110631,318,47,87
13111691,56,309,15
13113079,68,297,18
13113748,0,365,0
13121821,86,279,23
13126713,363,2,99
13129109,347,18,95
13138055,298,67,81
13140867,97,268,26
13147585,31,334,8
13151270,365,0,100
13152370,119,246,32
13156872,0,365,0
13163259,0,365,0
13168176,101,264,27
13171246,0,365,0
13188046,0,365,0
13190410,59,306,16
13192046,35,330,9
13214949,0,365,0
13215952,0,365,0
13216268,13,352,3
13218392,0,365,0
13218729,179,186,49
13221129,179,186,49
13222465,155,210,42
13225005,330,35,90
13233001,297,68,81
13233250,320,45,87
13236820,138,227,37
13236936,325,40,89
13239143,73,292,20
13242393,340,25,93
13248823,0,365,0
13249829,0,365,0
13251243,207,158,56
13258244,95,270,26
13261006,0,365,0
13261681,335,30,91
13264687,0,365,0
13265095,1,364,0
13266133,327,38,89
13266176,345,20,94
13266833,263,102,72
13275308,325,40,89
13275334,9,356,2
13275579,331,34,90
13281106,65,300,17
13282275,0,365,0
13294558,41,324,11
13294824,22,343,6
13295184,47,318,12
13295386,0,365,0
13296735,357,8,97
13298014,0,365,0
13298108,244,121,66
13298137,340,25,93
13298546,3,362,0
13300621,48,317,13
13306033,56,309,15
13306811,7,358,1
13307513,0,365,0
13313124,117,248,32
13318173,5,360,1
13318312,0,365,0
13325983,0,365,0
13327034,257,108,70
13330146,28,337,7
13331733,47,318,12
13333256,0,365,0
13333623,0,365,0
13333862,0,365,0
13334098,0,365,0
13342372,364,1,99
13344433,39,326,10
13345701,329,36,90
13347495,0,365,0
13355213,364,1,99
13363171,0,365,0
13371105,271,94,74
13374617,256,109,70
13374823,11,354,3
13375092,0,365,0
13376457,0,365,0
13377097,140,225,38
13378923,141,224,38
13378936,154,211,42
13378987,0,365,0
13379155,0,365,0
13381254,89,276,24
13391024,113,252,30
13391054,21,344,5
13391640,0,365,0
13393418,318,47,87
13394184,0,365,0
13397201,34,331,9
13397390,142,223,38
13414159,126,239,34
13414367,4,361,1
13415232,125,240,34
13415816,340,25,93
13415984,7,358,1
13417233,251,114,68
13417639,331,34,90
13421289,85,280,23
13426831,0,365,0
13430656,26,339,7
13433298,45,320,12
13433317,325,40,89
13433475,343,22,93
13434817,31,334,8
13435185,15,350,4
13443430,0,365,0
13443949,325,40,89
13445221,70,295,19
13449049,0,365,0
13449737,356,9,97
13450030,331,34,90
13450880,56,309,15
13451383,17,348,4
13460331,51,314,13
13462519,362,3,99
13464674,250,115,68
13466910,343,22,93
13477286,0,365,0
13477535,359,6,98
13478348,6,359,1
13478868,364,1,99
13487348,80,285,21
13490438,365,0,100
13491626,0,365,0
13494185,134,231,36
13509242,88,277,24
13509665,311,54,85
13510994,1,364,0
13512459,364,1,99
13512551,35,330,9
13512930,0,365,0
13513012,9,356,2
13513696,0,365,0
13514017,306,59,83
13515084,341,24,93
13521713,44,321,12
13521992,340,25,93
13524454,0,365,0
13525610,154,211,42
13530359,0,365,0
13531200,110,255,30
13532311,160,205,43
13544430,0,365,0
13545648,359,6,98
13546070,340,25,93
13546414,350,15,95
13547301,129,236,35
13547391,0,365,0
13549924,166,199,45
13550412,0,365,0
13550969,356,9,97
13555596,0,365,0
13564281,0,365,0
13564587,158,207,43
13564762,256,109,70
13565183,257,108,70
13565466,0,365,0
13565471,262,103,71
13573506,0,365,0
13574652,0,365,0
13577929,0,365,0
13578106,82,283,22
13578911,0,365,0
13584884,9,356,2
13585624,339,26,92
13586128,332,33,90
13586491,342,23,93
13586841,337,28,92
13589343,327,38,89
13590412,0,365,0
13591091,331,34,90
13591607,54,311,14
13592046,22,343,6
13594886,307,58,84
13602808,55,310,15
13605196,185,180,50
13605430,0,365,0
13606268,365,0,100
13613562,358,7,98
13613812,336,29,92
13614982,111,254,30
13621476,0,365,0
13622776,74,291,20
13623390,252,113,69
13624476,279,86,76
13624929,251,114,68
13624971,0,365,0
13636659,344,21,94
13638077,345,20,94
13640138,0,365,0
13642024,33,332,9
13642260,0,365,0
13642397,0,365,0
13642405,0,365,0
13642655,0,365,0
13651290,29,336,7
13652374,0,365,0
13652639,102,263,27
13652746,168,197,46
13653016,75,290,20
13653233,5,360,1
13655073,146,219,40
13655923,96,269,26
13656292,0,365,0
13656969,310,55,84
13658522,0,365,0
13658697,0,365,0
13667826,0,365,0
13669224,0,365,0
13671334,318,47,87
13672165,0,365,0
13674701,4,361,1
13674964,90,275,24
13677640,0,365,0
13681910,0,365,0
13684251,1,364,0
13684319,230,135,63
13684464,1,364,0
13685207,0,365,0
13685228,0,365,0
13685577,0,365,0
13685592,0,365,0
13686161,116,249,31
13687764,0,365,0
13696794,343,22,93
13697464,153,212,41
13697486,0,365,0
13697676,69,296,18
13697966,149,216,40
13698137,97,268,26
13699440,42,323,11
13707814,4,361,1
13709092,1,364,0
13709190,321,44,87
13711334,161,204,44
13713143,16,349,4
13713445,15,350,4
13713713,4,361,1
13714817,300,65,82
13714934,0,365,0
13723404,79,286,21
13724578,0,365,0
13728510,332,33,90
13729738,157,208,43
13730500,23,342,6
13733558,250,115,68
13733887,329,36,90
13735741,0,365,0
13744821,1,364,0
13746896,42,323,11
13750763,9,356,2
13751426,30,335,8
13751871,23,342,6
13752754,0,365,0
13753007,0,365,0
13762650,148,217,40
13767907,0,365,0
13768853,0,365,0
13778731,6,359,1
13782612,0,365,0
13788865,13,352,3
13793578,34,331,9
13795095,67,298,18
13796564,5,360,1
13797162,111,254,30
13797236,0,365,0
13800294,0,365,0
13800505,55,310,15
13801598,0,365,0
13810937,0,365,0
13812075,134,231,36
13813149,0,365,0
13813380,74,291,20
13813809,356,9,97
13814175,337,28,92
13816458,309,56,84
13820571,0,365,0
13822146,5,360,1
13824970,334,31,91
13827734,49,316,13
13829133,282,83,77
13830152,242,123,66
13836832,0,365,0
13848636,364,1,99
13855525,30,335,8
13861258,0,365,0
13863117,334,31,91
13863190,77,288,21
13864196,330,35,90
13864415,300,65,82
13864771,127,238,34
13864961,75,290,20
13865867,137,228,37
13866156,9,356,2
13866603,4,361,1
13872339,362,3,99
13874533,338,27,92
13879099,0,365,0
13884549,298,67,81
13888974,364,1,99
13907143,0,365,0
13908031,34,331,9
13908638,46,319,12
13911832,62,303,16
13912429,22,343,6
13912467,325,40,89
13912470,314,51,86
13912472,310,55,84
13912943,0,365,0
13918656,349,16,95
13924495,312,53,85
13926017,245,120,67
13926201,0,365,0
13926704,340,25,93
13927765,329,36,90
13928082,80,285,21
13928400,334,31,91
13937181,133,232,36
13938959,58,307,15
13942919,279,86,76
13943142,0,365,0
13951039,14,351,3
13951579,0,365,0
13955674,353,12,96
13959444,165,200,45
13960193,0,365,0
13960293,72,293,19
13968572,9,356,2
13968660,280,85,76
13969106,62,303,16
13969217,66,299,18
13978700,365,0,100
13979354,357,8,97
13980127,0,365,0
13992811,1,364,0
13993185,136,229,37
13993626,0,365,0
13994056,59,306,16
13995573,84,281,23
13996398,0,365,0
13998602,154,211,42
14013583,57,308,15
14013663,57,308,15
14025410,0,365,0
14026059,31,334,8
14035936,343,22,93
14035943,0,365,0
14037899,30,335,8
14040282,171,194,46
14040844,332,33,90
14041036,321,44,87
14043390,154,211,42
14044530,0,365,0
14055624,365,0,100
14055887,365,0,100
14056340,83,282,22
14057189,351,14,96
14057466,71,294,19
14071446,0,365,0
14072256,46,319,12
14072546,45,320,12
14073235,47,318,12
14074739,25,340,6
14075290,46,319,12
14083611,40,325,10
14085771,299,66,81
14086516,364,1,99
14090779,15,350,4
14091605,1,364,0
14092430,0,365,0
14092792,168,197,46
14093943,78,287,21
14094279,12,353,3
14104621,3,362,0
14105971,23,342,6
14107067,122,243,33
14109003,0,365,0
14109809,77,288,21
14110129,341,24,93
14110186,48,317,13
14110777,166,199,45
14122467,0,365,0
14124430,350,15,95
14125957,33,332,9
14127153,341,24,93
14136069,358,7,98
14136509,362,3,99
14137262,30,335,8
14141920,6,359,1
14147343,0,365,0
14151531,64,301,17
14153636,150,215,41
14158636,19,346,5
14159799,358,7,98
14161407,0,365,0
14168664,171,194,46
14178758,77,288,21
14186170,333,32,91
14191723,42,323,11
14196983,358,7,98
14203428,121,244,33
14204600,329,36,90
14215317,346,19,94
14217967,2,363,0
14218904,0,365,0
14219033,155,210,42
14220964,121,244,33
14221294,0,365,0
14222649,41,324,11
14231514,365,0,100
14231732,214,151,58
14235257,365,0,100
14236787,8,357,2
14237196,325,40,89
14239909,157,208,43
14242888,361,4,98
14246616,0,365,0
14246956,338,27,92
14250499,0,365,0
14251275,341,24,93
14251839,337,28,92
14252020,0,365,0
14253149,337,28,92
14254537,62,303,16
14255219,316,49,86
14260905,364,1,99
14262627,219,146,60
14272646,356,9,97
14274311,80,285,21
14282764,69,296,18
14291722,32,333,8
14292385,350,15,95
14296152,341,24,93
14300751,324,41,88
14300921,328,37,89
14303090,300,65,82
14303099,313,52,85
14303761,365,0,100
14304682,314,51,86
14308511,344,21,94
14322091,13,352,3
14322546,344,21,94
14335003,0,365,0
14335782,339,26,92
14336348,23,342,6
14339562,30,335,8
14340601,156,209,42
14344516,17,348,4
14351036,54,311,14
14360470,217,148,59
14361322,309,56,84
14365669,351,14,96
14367134,0,365,0
14368660,359,6,98
14369574,309,56,84
14372667,273,92,74
14374965,43,322,11
14386825,345,20,94
14387692,55,310,15
14388025,21,344,5
14389002,359,6,98
14397533,113,252,30
14398508,31,334,8
14400847,49,316,13
14402688,66,299,18
14404992,8,357,2
14405817,112,253,30
14407094,335,30,91
14413896,69,296,18
14414330,350,15,95
14414473,294,71,80
14415125,350,15,95
14416538,66,299,18
14418593,159,206,43
14418787,154,211,42
14419482,360,5,98
14419982,350,15,95
14420163,359,6,98
14420354,353,12,96
14420920,342,23,93
14421304,365,0,100
14421403,365,0,100
14421692,365,0,100
14421841,362,3,99
14421910,363,2,99
14422439,355,10,97
14422695,345,20,94
14423004,344,21,94
14423483,357,8,97
14424224,74,291,20
14426124,51,314,13
14426586,364,1,99
14426987,139,226,38
14428514,358,7,98
14428517,57,308,15
14428745,85,280,23
14429876,285,80,78
14442333,158,207,43
14442491,8,357,2
14443295,0,365,0
14444280,362,3,99
14454943,345,20,94
14460344,0,365,0
14461498,225,140,61
14461747,345,20,94
14461998,3,362,0
14463855,364,1,99
14467554,336,29,92
14468407,24,341,6
14468656,26,339,7
14469677,128,237,35
14469894,128,237,35
14472678,0,365,0
14472812,0,365,0
14473036,0,365,0
14473053,0,365,0
14473323,114,251,31
14473564,0,365,0
14473911,114,251,31
14474114,89,276,24
14474750,121,244,33
14481328,364,1,99
14483758,326,39,89
14484865,364,1,99
14485048,349,16,95
14486237,70,295,19
14486599,347,18,95
14487262,1,364,0
14487346,341,24,93
14489201,99,266,27
14500012,34,331,9
14501620,68,297,18
14501824,263,102,72
14503389,312,53,85
14504422,165,200,45
14504583,170,195,46
14506396,0,365,0
14510982,180,185,49
14519844,359,6,98
14522631,264,101,72
14522917,296,69,81
14532696,34,331,9
14533011,34,331,9
14533117,55,310,15
14533848,5,360,1
14536322,315,50,86
14537320,309,56,84
14538087,342,23,93
14539326,344,21,94
14550228,90,275,24
14552102,35,330,9
14552489,328,37,89
14553171,87,278,23
14553190,1,364,0
14553530,311,54,85
14564883,321,44,87
14565726,0,365,0
14566386,290,75,79
14566657,329,36,90
14572086,349,16,95
14572100,20,345,5
14572511,18,347,4
14572515,0,365,0
14573486,46,319,12
14573919,349,16,95
14573969,36,329,9
14574734,77,288,21
14574800,360,5,98
14576706,358,7,98
14584547,364,1,99
14585486,40,325,10
14586440,324,41,88
14589341,56,309,15
14589471,49,316,13
14589695,155,210,42
14591406,129,236,35
14591627,68,297,18
14592547,0,365,0
14592644,137,228,37
14593751,32,333,8
14594810,88,277,24
14595735,35,330,9
14595823,338,27,92
14600925,313,52,85
14602997,121,244,33
14603013,145,220,39
14603878,253,112,69
14604429,272,93,74
14608495,324,41,88
14608502,320,45,87
14610297,168,197,46
14614422,158,207,43
14624254,10,355,2
14624367,20,345,5
14632658,78,287,21
14632821,347,18,95
14636981,244,121,66
14646704,45,320,12
14647962,169,196,46
14647971,142,223,38
14650655,363,2,99
14651378,0,365,0
14653823,249,116,68
14655187,34,331,9
14660635,59,306,16
14660851,15,350,4
14662927,33,332,9
14663743,158,207,43
14663819,44,321,12
14664852,309,56,84
14668008,0,365,0
14668441,0,365,0
14670143,16,349,4
14670311,48,317,13
14671948,0,365,0
14672735,72,293,19
14673441,0,365,0
14677678,17,348,4
14679817,340,25,93
14680277,151,214,41
14682145,361,4,98
14682588,145,220,39
14682931,352,13,96
14683493,311,54,85
14685769,50,315,13
14685903,360,5,98
14686119,340,25,93
14689681,110,255,30
14690527,17,348,4
14691657,315,50,86
14692682,52,313,14
14693220,6,359,1
14698794,356,9,97
14700046,311,54,85
14707780,157,208,43
14709217,27,338,7
14710769,364,1,99
14711125,27,338,7
14711359,44,321,12
14713259,18,347,4
14713980,21,344,5
14714374,23,342,6
14719754,358,7,98
14722711,0,365,0
14723758,23,342,6
14731382,163,202,44
14740708,11,354,3
14742564,361,4,98
14742722,152,213,41
14743129,363,2,99
14744740,86,279,23
14745087,115,250,31
14747561,334,31,91
14754108,10,355,2
14754902,2,363,0
14756029,39,326,10
14756184,345,20,94
14756269,28,337,7
14758045,270,95,73
14759485,159,206,43
14760011,364,1,99
14760739,337,28,92
14760955,334,31,91
14760973,353,12,96
14767573,364,1,99
14769652,83,282,22
14770708,364,1,99
14770892,336,29,92
14773223,62,303,16
14773792,359,6,98
14774426,344,21,94
14774811,344,21,94
14774868,0,365,0
14778561,361,4,98
14780153,350,15,95
14780436,309,56,84
14798497,173,192,47
14798673,270,95,73
14799678,77,288,21
14808548,12,353,3
14809866,0,365,0
14813006,337,28,92
14817983,362,3,99
14818575,18,347,4
14819274,34,331,9
14819717,329,36,90
14820482,346,19,94
14821064,216,149,59
14821911,80,285,21
14822087,353,12,96
14822424,145,220,39
14823430,345,20,94
14823724,11,354,3
14824568,179,186,49
14824684,302,63,82
14825159,300,65,82
14826101,341,24,93
14834257,311,54,85
14834305,340,25,93
14842237,210,155,57
14843050,289,76,79
14843783,5,360,1
14844149,363,2,99
14844274,364,1,99
14848154,360,5,98
14849141,361,4,98
14852179,23,342,6
14852273,0,365,0
14854164,290,75,79
14854671,298,67,81
14855404,345,20,94
14855656,347,18,95
14857569,110,255,30
14857923,344,21,94
14858003,355,10,97
14858782,340,25,93
14864858,359,6,98
14866400,279,86,76
14867747,340,25,93
14868087,53,312,14
14868157,358,7,98
14870532,296,69,81
14870557,9,356,2
14871445,357,8,97
14872018,110,255,30
14873017,71,294,19
14873100,313,52,85
14873137,119,246,32
14874204,360,5,98
14878512,342,23,93
14881840,364,1,99
14884243,346,19,94
14885592,135,230,36
14885796,163,202,44
14885917,56,309,15
14887382,364,1,99
14897219,349,16,95
14897997,13,352,3
14898146,137,228,37
14898198,357,8,97
14900236,364,1,99
14902894,352,13,96
14907062,353,12,96
14908177,325,40,89
14909417,348,17,95
14912536,83,282,22
14916248,350,15,95
14917151,1,364,0
14917833,361,4,98
14918032,364,1,99
14918194,80,285,21
14918425,342,23,93
14918869,365,0,100
14924831,66,299,18
14928000,365,0,100
14928333,339,26,92
14933380,81,284,22
14933461,150,215,41
